{
  "val_accuracy": 0.9681,
  "val_auc": 0.9968,
  "test_accuracy": 0.9675,
  "test_auc": 0.997,
  "cv_f1_mean": 0.9636,
  "cv_f1_std": 0.0011,
  "classification_report": {
    "Normal": {
      "precision": 0.9716781365802012,
      "recall": 0.9727080021197668,
      "f1-score": 0.9721927966101694,
      "support": 3774.0
    },
    "Congested": {
      "precision": 0.9615958240119314,
      "recall": 0.9601638123603872,
      "f1-score": 0.9608792846497765,
      "support": 2686.0
    },
    "accuracy": 0.9674922600619195,
    "macro avg": {
      "precision": 0.9666369802960664,
      "recall": 0.966435907240077,
      "f1-score": 0.966536040629973,
      "support": 6460.0
    },
    "weighted avg": {
      "precision": 0.9674860171439207,
      "recall": 0.9674922600619195,
      "f1-score": 0.9674887574266376,
      "support": 6460.0
    }
  },
  "confusion_matrix": [
    [
      3671,
      103
    ],
    [
      107,
      2579
    ]
  ],
  "feature_importance": [
    0.39249008995994056,
    0.17410551478572775,
    0.2850215968616665,
    0.0875163454522463,
    0.06086645294041888
  ],
  "feature_names": [
    "avg_delay",
    "variance",
    "max_delay",
    "slope",
    "trend"
  ],
  "roc_fpr": [
    0.0,
    0.0,
    0.0,
    0.0,
    0.0,
    0.0,
    0.0,
    0.0,
    0.0,
    0.0,
    0.0,
    0.0,
    0.0,
    0.0,
    0.0,
    0.0,
    0.0,
    0.0,
    0.0,
    0.0,
    0.0,
    0.0,
    0.0,
    0.0,
    0.0,
    0.0,
    0.0,
    0.0,
    0.0,
    0.0,
    0.0,
    0.0,
    0.0,
    0.0,
    0.0,
    0.0,
    0.0,
    0.0,
    0.0,
    0.0,
    0.0,
    0.0,
    0.0,
    0.0,
    0.0,
    0.0,
    0.0,
    0.0,
    0.0,
    0.0,
    0.0,
    0.0,
    0.0,
    0.0,
    0.0,
    0.0,
    0.0,
    0.0,
    0.0,
    0.0,
    0.0,
    0.0,
    0.0,
    0.0,
    0.0,
    0.0,
    0.0,
    0.0,
    0.0,
    0.0,
    0.0,
    0.0,
    0.0,
    0.0,
    0.0,
    0.0,
    0.0,
    0.0,
    0.0,
    0.0,
    0.0,
    0.0,
    0.0,
    0.0,
    0.0,
    0.0003,
    0.0003,
    0.0003,
    0.0003,
    0.0005,
    0.0005,
    0.0005,
    0.0005,
    0.0008,
    0.0008,
    0.0011,
    0.0011,
    0.0013,
    0.0013,
    0.0016,
    0.0016,
    0.0019,
    0.0019,
    0.0021,
    0.0021,
    0.0024,
    0.0024,
    0.0026,
    0.0026,
    0.0029,
    0.0029,
    0.0032,
    0.0032,
    0.0034,
    0.0034,
    0.0037,
    0.0037,
    0.004,
    0.004,
    0.0042,
    0.0042,
    0.0045,
    0.0045,
    0.0048,
    0.0048,
    0.0053,
    0.0053,
    0.0056,
    0.0056,
    0.0058,
    0.0058,
    0.0061,
    0.0061,
    0.0064,
    0.0064,
    0.0066,
    0.0066,
    0.0069,
    0.0069,
    0.0074,
    0.0074,
    0.0085,
    0.0085,
    0.0087,
    0.0087,
    0.009,
    0.009,
    0.0103,
    0.0103,
    0.0106,
    0.0106,
    0.0109,
    0.0109,
    0.0111,
    0.0111,
    0.0114,
    0.0114,
    0.0117,
    0.0117,
    0.0122,
    0.0122,
    0.0127,
    0.0127,
    0.0132,
    0.0132,
    0.0135,
    0.0135,
    0.0138,
    0.0138,
    0.0143,
    0.0143,
    0.0146,
    0.0146,
    0.0148,
    0.0148,
    0.0154,
    0.0154,
    0.0159,
    0.0159,
    0.0162,
    0.0162,
    0.0167,
    0.0167,
    0.0172,
    0.0172,
    0.0175,
    0.0175,
    0.0178,
    0.0178,
    0.018,
    0.018,
    0.0183,
    0.0183,
    0.0185,
    0.0185,
    0.0191,
    0.0191,
    0.0199,
    0.0199,
    0.0201,
    0.0201,
    0.0204,
    0.0204,
    0.0207,
    0.0207,
    0.0215,
    0.0215,
    0.0217,
    0.0217,
    0.0223,
    0.0223,
    0.0231,
    0.0231,
    0.0236,
    0.0236,
    0.0241,
    0.0241,
    0.0252,
    0.0252,
    0.0254,
    0.0254,
    0.0268,
    0.0268,
    0.027,
    0.027,
    0.0273,
    0.0273,
    0.0276,
    0.0276,
    0.0278,
    0.0278,
    0.0286,
    0.0286,
    0.0291,
    0.0291,
    0.0297,
    0.0297,
    0.0302,
    0.0302,
    0.031,
    0.031,
    0.0315,
    0.0315,
    0.0318,
    0.0318,
    0.0323,
    0.0323,
    0.0329,
    0.0329,
    0.0331,
    0.0331,
    0.0334,
    0.0334,
    0.0339,
    0.0339,
    0.0342,
    0.0342,
    0.0352,
    0.0352,
    0.0355,
    0.0355,
    0.0358,
    0.0358,
    0.0363,
    0.0363,
    0.0374,
    0.0374,
    0.0379,
    0.0379,
    0.0384,
    0.0384,
    0.039,
    0.039,
    0.0397,
    0.0397,
    0.04,
    0.04,
    0.0403,
    0.0403,
    0.0405,
    0.0405,
    0.0413,
    0.0413,
    0.0421,
    0.0421,
    0.0424,
    0.0424,
    0.0427,
    0.0427,
    0.0432,
    0.0432,
    0.0443,
    0.0443,
    0.0448,
    0.0448,
    0.045,
    0.045,
    0.0472,
    0.0472,
    0.0477,
    0.0477,
    0.0485,
    0.0485,
    0.0488,
    0.0488,
    0.049,
    0.049,
    0.0522,
    0.0522,
    0.053,
    0.053,
    0.0556,
    0.0556,
    0.0575,
    0.0575,
    0.0588,
    0.0588,
    0.0625,
    0.0625,
    0.0628,
    0.0628,
    0.0649,
    0.0649,
    0.0652,
    0.0652,
    0.0654,
    0.0654,
    0.0684,
    0.0684,
    0.0697,
    0.0697,
    0.0713,
    0.0713,
    0.0739,
    0.0739,
    0.0766,
    0.0766,
    0.0782,
    0.0782,
    0.0784,
    0.0784,
    0.0787,
    0.0787,
    0.0798,
    0.0798,
    0.0859,
    0.0859,
    0.0901,
    0.0901,
    0.0933,
    0.0933,
    0.0943,
    0.0943,
    0.128,
    0.128,
    0.1608,
    0.1614,
    0.1616,
    0.1616,
    0.1815,
    0.182,
    0.1876,
    0.1887,
    0.1905,
    0.191,
    0.1977,
    0.1982,
    0.2096,
    0.2101,
    0.2186,
    0.2191,
    0.2207,
    0.2218,
    0.2234,
    0.2242,
    0.2252,
    0.226,
    0.2332,
    0.2337,
    0.2406,
    0.2417,
    0.2472,
    0.2483,
    0.2488,
    0.2615,
    0.2621,
    0.2626,
    0.2634,
    0.2668,
    0.2674,
    0.2697,
    0.2703,
    0.2708,
    0.2719,
    0.2732,
    0.2748,
    0.2753,
    0.2769,
    0.2774,
    0.2801,
    0.2814,
    0.2817,
    0.2825,
    0.2838,
    0.288,
    0.2886,
    0.2886,
    0.2909,
    0.2917,
    0.2944,
    0.2954,
    0.2957,
    0.2962,
    0.2965,
    0.2973,
    0.2976,
    0.2981,
    0.2994,
    0.3005,
    0.301,
    0.3018,
    0.3029,
    0.3039,
    0.305,
    0.3055,
    0.3071,
    0.3079,
    0.3082,
    0.3087,
    0.309,
    0.3095,
    0.31,
    0.3108,
    0.3113,
    0.3121,
    0.3127,
    0.3148,
    0.3156,
    0.3206,
    0.3209,
    0.3217,
    0.323,
    0.3241,
    0.3249,
    0.3259,
    0.3262,
    0.3267,
    0.327,
    0.328,
    0.3286,
    0.3304,
    0.3315,
    0.332,
    0.3325,
    0.3328,
    0.3333,
    0.3365,
    0.3368,
    0.3376,
    0.3378,
    0.3389,
    0.3392,
    0.3402,
    0.3418,
    0.3421,
    0.3426,
    0.3437,
    0.3453,
    0.3458,
    0.3461,
    0.3468,
    0.3474,
    0.3479,
    0.3487,
    0.349,
    0.3495,
    0.3508,
    0.3532,
    0.3545,
    0.3553,
    0.3556,
    0.3561,
    0.3672,
    0.3688,
    0.3702,
    0.3707,
    0.3998,
    0.4152,
    0.4393,
    0.7401,
    1.0
  ],